Product,
cars,
furniture,
computer,
microchip,
newspapers,
magazines,
soft drinks,
snack foods,
candy bars,
tissues,
bread,
toothpaste,
soap,
shampoo,
coffee,
tea,
mobile phone,
xbox,
playstation,
camera,
washing machine,
t-shirt,
jeans,
jacket,
plates,
pots,
pans,
hotel,
shoes,
jewelry,
tennis racket,
hat,
lotion,
paper,
lightbulb,
notebook,
sticky note,
stuffed animal,
picture frame,
glass,
headphones,
spoon,
fork,
computer mouse,
mousepad,
charging cable,
drawers,
humidifier,
fan,
lamp,
sofa,
towels,
rug,
house,
hair comb,
water heater,
cup,
rubik's cube,
rag,
pen,
pencil,
mechanical pencil,
perfume,
watch,
handbag,
totebag,
wallet,
purse,
clothes hanger,
dryer sheets,
armchair,
lighter